                  epoch,         train/box_loss,         train/cls_loss,         train/dfl_loss,   metrics/precision(B),      metrics/recall(B),       metrics/mAP50(B),    metrics/mAP50-95(B),           val/box_loss,           val/cls_loss,           val/dfl_loss,                 lr/pg0,                 lr/pg1,                 lr/pg2
                      1,                 1.5956,                 2.8561,                 1.3663,                0.63718,                0.67592,                 0.6692,                0.40039,                 1.3447,                 2.0365,                 1.2711,              0.0003319,              0.0003319,              0.0003319
                      2,                 1.7099,                 2.5522,                 1.4427,                0.60371,                0.58016,                0.60966,                0.32999,                  1.581,                 1.9728,                 1.4155,             0.00053351,             0.00053351,             0.00053351
                      3,                  1.652,                 2.1972,                 1.4145,                0.74977,                0.73138,                0.81117,                0.47036,                 1.4372,                 1.6054,                  1.307,             0.00060313,             0.00060313,             0.00060313
                      4,                 1.5913,                  1.799,                 1.3708,                0.79361,                0.79721,                0.84107,                0.52106,                 1.4303,                 1.4944,                 1.3407,               0.000406,               0.000406,               0.000406
                      5,                 1.5496,                 1.6055,                 1.3383,                0.92222,                0.80167,                0.89648,                 0.5469,                 1.4125,                  1.054,                 1.2676,               0.000406,               0.000406,               0.000406
