                  epoch,         train/box_loss,         train/cls_loss,         train/dfl_loss,   metrics/precision(B),      metrics/recall(B),       metrics/mAP50(B),    metrics/mAP50-95(B),           val/box_loss,           val/cls_loss,           val/dfl_loss,                 lr/pg0,                 lr/pg1,                 lr/pg2
                      1,                 1.4868,                 1.3919,                 1.2988,                0.83295,                0.90335,                0.91774,                0.56501,                 1.3809,                 1.0039,                 1.2655,              0.0003319,              0.0003319,              0.0003319
                      2,                    1.5,                 1.3817,                 1.3114,                 0.7527,                0.82546,                0.84562,                0.48727,                 1.4636,                 1.2053,                 1.2762,             0.00053351,             0.00053351,             0.00053351
                      3,                 1.4781,                 1.2687,                 1.2899,                0.73767,                0.84088,                0.85402,                0.48582,                 1.5096,                 1.2277,                 1.3019,             0.00060313,             0.00060313,             0.00060313
                      4,                 1.4314,                 1.1471,                 1.2723,                0.86439,                0.86291,                0.92196,                0.56453,                 1.3099,                0.99264,                 1.1995,               0.000406,               0.000406,               0.000406
                      5,                 1.4194,                 1.1047,                 1.2659,                0.92064,                0.83215,                0.91718,                0.58799,                 1.4355,                0.93269,                 1.2722,               0.000406,               0.000406,               0.000406
